Bloque,Subtema,Nombre normalizado,URL,Fuente,Utilidad didáctica,Estado,Método de incorporación,DOCX puente,Tipo de duda,Modo pedagógico,Ejemplo de pregunta
ortografía,acentuación y grafías,Ortografía — DPD — abecedario,https://www.rae.es/dpd/abecedario,DPD,"Criterio y ejemplos para diagnosticar, explicar y practicar abecedario.",añadida mediante DOCX puente,DOCX puente,DOCX puente generado localmente; ruta local no publicada,ortográfica,consulta directa,¿Cómo se aplica correctamente el criterio de abecedario en mi frase?
ortotipografía,convenciones gráficas,Ortotipografía — DPD — abreviatura,https://www.rae.es/dpd/abreviatura,DPD,"Criterio y ejemplos para diagnosticar, explicar y practicar abreviatura.",añadida mediante DOCX puente,DOCX puente,DOCX puente generado localmente; ruta local no publicada,ortotipográfica,consulta directa,¿Cómo se aplica correctamente el criterio de abreviatura en mi frase?
ortografía,acentuación y grafías,Ortografía — DPD — acento,https://www.rae.es/dpd/acento,DPD,"Criterio y ejemplos para diagnosticar, explicar y practicar acento.",añadida mediante DOCX puente,DOCX puente,DOCX puente generado localmente; ruta local no publicada,ortográfica,consulta directa,¿Cómo se aplica correctamente el criterio de acento en mi frase?
léxico/semántica,precisión léxica y préstamos,Léxico y semántica — DPD — acentuación,https://www.rae.es/dpd/acentuaci%C3%B3n,DPD,"Criterio y ejemplos para diagnosticar, explicar y practicar acentuación.",añadida mediante DOCX puente,DOCX puente,DOCX puente generado localmente; ruta local no publicada,léxica,guiado-aplicado,¿Cómo se aplica correctamente el criterio de acentuación en mi frase?
léxico/semántica,precisión léxica y préstamos,Léxico y semántica — DPD — acortamiento,https://www.rae.es/dpd/acortamiento,DPD,"Criterio y ejemplos para diagnosticar, explicar y practicar acortamiento.",añadida mediante DOCX puente,DOCX puente,DOCX puente generado localmente; ruta local no publicada,léxica,guiado-aplicado,¿Cómo se aplica correctamente el criterio de acortamiento en mi frase?
léxico/semántica,precisión léxica y préstamos,Léxico y semántica — DPD — acrónimo,https://www.rae.es/dpd/acr%C3%B3nimo,DPD,"Criterio y ejemplos para diagnosticar, explicar y practicar acrónimo.",añadida mediante DOCX puente,DOCX puente,DOCX puente generado localmente; ruta local no publicada,léxica,guiado-aplicado,¿Cómo se aplica correctamente el criterio de acrónimo en mi frase?
ortotipografía,convenciones gráficas,Ortotipografía — DPD — años,https://www.rae.es/dpd/a%C3%B1os,DPD,"Criterio y ejemplos para diagnosticar, explicar y practicar años.",añadida mediante DOCX puente,DOCX puente,DOCX puente generado localmente; ruta local no publicada,ortotipográfica,consulta directa,¿Cómo se aplica correctamente el criterio de años en mi frase?
ortotipografía,convenciones gráficas,Ortotipografía — DPD — apóstrofo,https://www.rae.es/dpd/ap%C3%B3strofo,DPD,"Criterio y ejemplos para diagnosticar, explicar y practicar apóstrofo.",añadida mediante DOCX puente,DOCX puente,DOCX puente generado localmente; ruta local no publicada,ortotipográfica,consulta directa,¿Cómo se aplica correctamente el criterio de apóstrofo en mi frase?
ortotipografía,convenciones gráficas,Ortotipografía — DPD — asterisco,https://www.rae.es/dpd/asterisco,DPD,"Criterio y ejemplos para diagnosticar, explicar y practicar asterisco.",añadida mediante DOCX puente,DOCX puente,DOCX puente generado localmente; ruta local no publicada,ortotipográfica,consulta directa,¿Cómo se aplica correctamente el criterio de asterisco en mi frase?
ortotipografía,convenciones gráficas,Ortotipografía — DPD — barra,https://www.rae.es/dpd/barra,DPD,"Criterio y ejemplos para diagnosticar, explicar y practicar barra.",añadida mediante DOCX puente,DOCX puente,DOCX puente generado localmente; ruta local no publicada,ortotipográfica,consulta directa,¿Cómo se aplica correctamente el criterio de barra en mi frase?
gramática,morfología y clases de palabras,Gramática — DPD — cardinales,https://www.rae.es/dpd/cardinales,DPD,"Criterio y ejemplos para diagnosticar, explicar y practicar cardinales.",añadida mediante DOCX puente,DOCX puente,DOCX puente generado localmente; ruta local no publicada,gramatical,socrático fuerte,¿Cómo se aplica correctamente el criterio de cardinales en mi frase?
léxico/semántica,precisión léxica y préstamos,Léxico y semántica — DPD — ceceo,https://www.rae.es/dpd/ceceo,DPD,"Criterio y ejemplos para diagnosticar, explicar y practicar ceceo.",añadida mediante DOCX puente,DOCX puente,DOCX puente generado localmente; ruta local no publicada,léxica,guiado-aplicado,¿Cómo se aplica correctamente el criterio de ceceo en mi frase?
léxico/semántica,precisión léxica y préstamos,Léxico y semántica — DPD — colores,https://www.rae.es/dpd/colores,DPD,"Criterio y ejemplos para diagnosticar, explicar y practicar colores.",añadida mediante DOCX puente,DOCX puente,DOCX puente generado localmente; ruta local no publicada,léxica,guiado-aplicado,¿Cómo se aplica correctamente el criterio de colores en mi frase?
puntuación,signos y delimitación,Puntuación — DPD — coma,https://www.rae.es/dpd/coma,DPD,"Criterio y ejemplos para diagnosticar, explicar y practicar coma.",añadida mediante DOCX puente,DOCX puente,DOCX puente generado localmente; ruta local no publicada,ortográfica,socrático fuerte,¿Cómo se aplica correctamente el criterio de coma en mi frase?
ortotipografía,convenciones gráficas,Ortotipografía — DPD — comillas,https://www.rae.es/dpd/comillas,DPD,"Criterio y ejemplos para diagnosticar, explicar y practicar comillas.",añadida mediante DOCX puente,DOCX puente,DOCX puente generado localmente; ruta local no publicada,ortotipográfica,consulta directa,¿Cómo se aplica correctamente el criterio de comillas en mi frase?
sintaxis,construcción y relaciones sintácticas,Sintaxis — DPD — concordancia,https://www.rae.es/dpd/concordancia,DPD,"Criterio y ejemplos para diagnosticar, explicar y practicar concordancia.",añadida mediante DOCX puente,DOCX puente,DOCX puente generado localmente; ruta local no publicada,gramatical,socrático fuerte,¿Cómo se aplica correctamente el criterio de concordancia en mi frase?
puntuación,signos y delimitación,Puntuación — DPD — corchete,https://www.rae.es/dpd/corchete,DPD,"Criterio y ejemplos para diagnosticar, explicar y practicar corchete.",añadida mediante DOCX puente,DOCX puente,DOCX puente generado localmente; ruta local no publicada,ortográfica,socrático fuerte,¿Cómo se aplica correctamente el criterio de corchete en mi frase?
sintaxis,construcción y relaciones sintácticas,Sintaxis — DPD — dequeísmo,https://www.rae.es/dpd/deque%C3%ADsmo,DPD,"Criterio y ejemplos para diagnosticar, explicar y practicar dequeísmo.",añadida mediante DOCX puente,DOCX puente,DOCX puente generado localmente; ruta local no publicada,gramatical,socrático fuerte,¿Cómo se aplica correctamente el criterio de dequeísmo en mi frase?
léxico/semántica,precisión léxica y préstamos,Léxico y semántica — DPD — días de la semana,https://www.rae.es/dpd/d%C3%ADas%20de%20la%20semana,DPD,"Criterio y ejemplos para diagnosticar, explicar y practicar días de la semana.",añadida mediante DOCX puente,DOCX puente,DOCX puente generado localmente; ruta local no publicada,léxica,guiado-aplicado,¿Cómo se aplica correctamente el criterio de días de la semana en mi frase?
ortografía,acentuación y grafías,Ortografía — DPD — diéresis,https://www.rae.es/dpd/di%C3%A9resis,DPD,"Criterio y ejemplos para diagnosticar, explicar y practicar diéresis.",añadida mediante DOCX puente,DOCX puente,DOCX puente generado localmente; ruta local no publicada,ortográfica,consulta directa,¿Cómo se aplica correctamente el criterio de diéresis en mi frase?
ortografía,acentuación y grafías,Ortografía — DPD — diptongo,https://www.rae.es/dpd/diptongo,DPD,"Criterio y ejemplos para diagnosticar, explicar y practicar diptongo.",añadida mediante DOCX puente,DOCX puente,DOCX puente generado localmente; ruta local no publicada,ortográfica,consulta directa,¿Cómo se aplica correctamente el criterio de diptongo en mi frase?
puntuación,signos y delimitación,Puntuación — DPD — dos puntos,https://www.rae.es/dpd/dos%20puntos,DPD,"Criterio y ejemplos para diagnosticar, explicar y practicar dos puntos.",añadida mediante DOCX puente,DOCX puente,DOCX puente generado localmente; ruta local no publicada,ortográfica,socrático fuerte,¿Cómo se aplica correctamente el criterio de dos puntos en mi frase?
léxico/semántica,precisión léxica y préstamos,Léxico y semántica — DPD — español,https://www.rae.es/dpd/espa%C3%B1ol,DPD,"Criterio y ejemplos para diagnosticar, explicar y practicar español.",añadida mediante DOCX puente,DOCX puente,DOCX puente generado localmente; ruta local no publicada,léxica,guiado-aplicado,¿Cómo se aplica correctamente el criterio de español en mi frase?
ortotipografía,convenciones gráficas,Ortotipografía — DPD — fecha,https://www.rae.es/dpd/fecha,DPD,"Criterio y ejemplos para diagnosticar, explicar y practicar fecha.",añadida mediante DOCX puente,DOCX puente,DOCX puente generado localmente; ruta local no publicada,ortotipográfica,consulta directa,¿Cómo se aplica correctamente el criterio de fecha en mi frase?
gramática,morfología y clases de palabras,Gramática — DPD — fraccionarios,https://www.rae.es/dpd/fraccionarios,DPD,"Criterio y ejemplos para diagnosticar, explicar y practicar fraccionarios.",añadida mediante DOCX puente,DOCX puente,DOCX puente generado localmente; ruta local no publicada,gramatical,socrático fuerte,¿Cómo se aplica correctamente el criterio de fraccionarios en mi frase?
gramática,morfología y clases de palabras,Gramática — DPD — género,https://www.rae.es/dpd/g%C3%A9nero,DPD,"Criterio y ejemplos para diagnosticar, explicar y practicar género.",añadida mediante DOCX puente,DOCX puente,DOCX puente generado localmente; ruta local no publicada,gramatical,socrático fuerte,¿Cómo se aplica correctamente el criterio de género en mi frase?
sintaxis,construcción y relaciones sintácticas,Sintaxis — DPD — gerundio,https://www.rae.es/dpd/gerundio,DPD,"Criterio y ejemplos para diagnosticar, explicar y practicar gerundio.",añadida mediante DOCX puente,DOCX puente,DOCX puente generado localmente; ruta local no publicada,gramatical,socrático fuerte,¿Cómo se aplica correctamente el criterio de gerundio en mi frase?
ortografía,acentuación y grafías,Ortografía — DPD — guion,https://www.rae.es/dpd/guion,DPD,"Criterio y ejemplos para diagnosticar, explicar y practicar guion.",añadida mediante DOCX puente,DOCX puente,DOCX puente generado localmente; ruta local no publicada,ortográfica,consulta directa,¿Cómo se aplica correctamente el criterio de guion en mi frase?
ortografía,acentuación y grafías,Ortografía — DPD — hiato,https://www.rae.es/dpd/hiato,DPD,"Criterio y ejemplos para diagnosticar, explicar y practicar hiato.",añadida mediante DOCX puente,DOCX puente,DOCX puente generado localmente; ruta local no publicada,ortográfica,consulta directa,¿Cómo se aplica correctamente el criterio de hiato en mi frase?
ortotipografía,convenciones gráficas,Ortotipografía — DPD — hora,https://www.rae.es/dpd/hora,DPD,"Criterio y ejemplos para diagnosticar, explicar y practicar hora.",añadida mediante DOCX puente,DOCX puente,DOCX puente generado localmente; ruta local no publicada,ortotipográfica,consulta directa,¿Cómo se aplica correctamente el criterio de hora en mi frase?
sintaxis,construcción y relaciones sintácticas,Sintaxis — DPD — laísmo,https://www.rae.es/dpd/la%C3%ADsmo,DPD,"Criterio y ejemplos para diagnosticar, explicar y practicar laísmo.",añadida mediante DOCX puente,DOCX puente,DOCX puente generado localmente; ruta local no publicada,gramatical,socrático fuerte,¿Cómo se aplica correctamente el criterio de laísmo en mi frase?
sintaxis,construcción y relaciones sintácticas,Sintaxis — DPD — leísmo,https://www.rae.es/dpd/le%C3%ADsmo,DPD,"Criterio y ejemplos para diagnosticar, explicar y practicar leísmo.",añadida mediante DOCX puente,DOCX puente,DOCX puente generado localmente; ruta local no publicada,gramatical,socrático fuerte,¿Cómo se aplica correctamente el criterio de leísmo en mi frase?
léxico/semántica,precisión léxica y préstamos,Léxico y semántica — DPD — llamada de nota,https://www.rae.es/dpd/llamada%20de%20nota,DPD,"Criterio y ejemplos para diagnosticar, explicar y practicar llamada de nota.",añadida mediante DOCX puente,DOCX puente,DOCX puente generado localmente; ruta local no publicada,léxica,guiado-aplicado,¿Cómo se aplica correctamente el criterio de llamada de nota en mi frase?
ortotipografía,convenciones gráficas,Ortotipografía — DPD — llave,https://www.rae.es/dpd/llave,DPD,"Criterio y ejemplos para diagnosticar, explicar y practicar llave.",añadida mediante DOCX puente,DOCX puente,DOCX puente generado localmente; ruta local no publicada,ortotipográfica,consulta directa,¿Cómo se aplica correctamente el criterio de llave en mi frase?
sintaxis,construcción y relaciones sintácticas,Sintaxis — DPD — loísmo,https://www.rae.es/dpd/lo%C3%ADsmo,DPD,"Criterio y ejemplos para diagnosticar, explicar y practicar loísmo.",añadida mediante DOCX puente,DOCX puente,DOCX puente generado localmente; ruta local no publicada,gramatical,socrático fuerte,¿Cómo se aplica correctamente el criterio de loísmo en mi frase?
ortotipografía,convenciones gráficas,Ortotipografía — DPD — mayúsculas,https://www.rae.es/dpd/may%C3%BAsculas,DPD,"Criterio y ejemplos para diagnosticar, explicar y practicar mayúsculas.",añadida mediante DOCX puente,DOCX puente,DOCX puente generado localmente; ruta local no publicada,ortotipográfica,consulta directa,¿Cómo se aplica correctamente el criterio de mayúsculas en mi frase?
léxico/semántica,precisión léxica y préstamos,Léxico y semántica — DPD — multiplicativos,https://www.rae.es/dpd/multiplicativos,DPD,"Criterio y ejemplos para diagnosticar, explicar y practicar multiplicativos.",añadida mediante DOCX puente,DOCX puente,DOCX puente generado localmente; ruta local no publicada,léxica,guiado-aplicado,¿Cómo se aplica correctamente el criterio de multiplicativos en mi frase?
ortotipografía,convenciones gráficas,Ortotipografía — DPD — numerales,https://www.rae.es/dpd/numerales,DPD,"Criterio y ejemplos para diagnosticar, explicar y practicar numerales.",añadida mediante DOCX puente,DOCX puente,DOCX puente generado localmente; ruta local no publicada,ortotipográfica,consulta directa,¿Cómo se aplica correctamente el criterio de numerales en mi frase?
ortotipografía,convenciones gráficas,Ortotipografía — DPD — números,https://www.rae.es/dpd/n%C3%BAmeros,DPD,"Criterio y ejemplos para diagnosticar, explicar y practicar números.",añadida mediante DOCX puente,DOCX puente,DOCX puente generado localmente; ruta local no publicada,ortotipográfica,consulta directa,¿Cómo se aplica correctamente el criterio de números en mi frase?
gramática,morfología y clases de palabras,Gramática — DPD — ordinales,https://www.rae.es/dpd/ordinales,DPD,"Criterio y ejemplos para diagnosticar, explicar y practicar ordinales.",añadida mediante DOCX puente,DOCX puente,DOCX puente generado localmente; ruta local no publicada,gramatical,socrático fuerte,¿Cómo se aplica correctamente el criterio de ordinales en mi frase?
puntuación,signos y delimitación,Puntuación — DPD — paréntesis,https://www.rae.es/dpd/par%C3%A9ntesis,DPD,"Criterio y ejemplos para diagnosticar, explicar y practicar paréntesis.",añadida mediante DOCX puente,DOCX puente,DOCX puente generado localmente; ruta local no publicada,ortográfica,socrático fuerte,¿Cómo se aplica correctamente el criterio de paréntesis en mi frase?
léxico/semántica,precisión léxica y préstamos,Léxico y semántica — DPD — párrafo,https://www.rae.es/dpd/p%C3%A1rrafo,DPD,"Criterio y ejemplos para diagnosticar, explicar y practicar párrafo.",añadida mediante DOCX puente,DOCX puente,DOCX puente generado localmente; ruta local no publicada,léxica,guiado-aplicado,¿Cómo se aplica correctamente el criterio de párrafo en mi frase?
gramática,morfología y clases de palabras,Gramática — DPD — plural,https://www.rae.es/dpd/plural,DPD,"Criterio y ejemplos para diagnosticar, explicar y practicar plural.",añadida mediante DOCX puente,DOCX puente,DOCX puente generado localmente; ruta local no publicada,gramatical,socrático fuerte,¿Cómo se aplica correctamente el criterio de plural en mi frase?
léxico/semántica,precisión léxica y préstamos,Léxico y semántica — DPD — porcentajes,https://www.rae.es/dpd/porcentajes,DPD,"Criterio y ejemplos para diagnosticar, explicar y practicar porcentajes.",añadida mediante DOCX puente,DOCX puente,DOCX puente generado localmente; ruta local no publicada,léxica,guiado-aplicado,¿Cómo se aplica correctamente el criterio de porcentajes en mi frase?
ortografía,acentuación y grafías,Ortografía — DPD — prefijos,https://www.rae.es/dpd/prefijos,DPD,"Criterio y ejemplos para diagnosticar, explicar y practicar prefijos.",añadida mediante DOCX puente,DOCX puente,DOCX puente generado localmente; ruta local no publicada,ortográfica,consulta directa,¿Cómo se aplica correctamente el criterio de prefijos en mi frase?
léxico/semántica,precisión léxica y préstamos,Léxico y semántica — DPD — premios,https://www.rae.es/dpd/premios,DPD,"Criterio y ejemplos para diagnosticar, explicar y practicar premios.",añadida mediante DOCX puente,DOCX puente,DOCX puente generado localmente; ruta local no publicada,léxica,guiado-aplicado,¿Cómo se aplica correctamente el criterio de premios en mi frase?
sintaxis,construcción y relaciones sintácticas,Sintaxis — DPD — pronombres personales,https://www.rae.es/dpd/pronombres%20personales,DPD,"Criterio y ejemplos para diagnosticar, explicar y practicar pronombres personales.",añadida mediante DOCX puente,DOCX puente,DOCX puente generado localmente; ruta local no publicada,gramatical,socrático fuerte,¿Cómo se aplica correctamente el criterio de pronombres personales en mi frase?
sintaxis,construcción y relaciones sintácticas,Sintaxis — DPD — pronombres personales átonos,https://www.rae.es/dpd/pronombres%20personales%20%C3%A1tonos,DPD,"Criterio y ejemplos para diagnosticar, explicar y practicar pronombres personales átonos.",añadida mediante DOCX puente,DOCX puente,DOCX puente generado localmente; ruta local no publicada,gramatical,socrático fuerte,¿Cómo se aplica correctamente el criterio de pronombres personales átonos en mi frase?
sintaxis,construcción y relaciones sintácticas,Sintaxis — DPD — pronombres personales tónicos,https://www.rae.es/dpd/pronombres%20personales%20t%C3%B3nicos,DPD,"Criterio y ejemplos para diagnosticar, explicar y practicar pronombres personales tónicos.",añadida mediante DOCX puente,DOCX puente,DOCX puente generado localmente; ruta local no publicada,gramatical,socrático fuerte,¿Cómo se aplica correctamente el criterio de pronombres personales tónicos en mi frase?
puntuación,signos y delimitación,Puntuación — DPD — punto,https://www.rae.es/dpd/punto,DPD,"Criterio y ejemplos para diagnosticar, explicar y practicar punto.",añadida mediante DOCX puente,DOCX puente,DOCX puente generado localmente; ruta local no publicada,ortográfica,socrático fuerte,¿Cómo se aplica correctamente el criterio de punto en mi frase?
puntuación,signos y delimitación,Puntuación — DPD — puntos suspensivos,https://www.rae.es/dpd/puntos%20suspensivos,DPD,"Criterio y ejemplos para diagnosticar, explicar y practicar puntos suspensivos.",añadida mediante DOCX puente,DOCX puente,DOCX puente generado localmente; ruta local no publicada,ortográfica,socrático fuerte,¿Cómo se aplica correctamente el criterio de puntos suspensivos en mi frase?
puntuación,signos y delimitación,Puntuación — DPD — punto y coma,https://www.rae.es/dpd/punto%20y%20coma,DPD,"Criterio y ejemplos para diagnosticar, explicar y practicar punto y coma.",añadida mediante DOCX puente,DOCX puente,DOCX puente generado localmente; ruta local no publicada,ortográfica,socrático fuerte,¿Cómo se aplica correctamente el criterio de punto y coma en mi frase?
sintaxis,construcción y relaciones sintácticas,Sintaxis — DPD — queísmo,https://www.rae.es/dpd/que%C3%ADsmo,DPD,"Criterio y ejemplos para diagnosticar, explicar y practicar queísmo.",añadida mediante DOCX puente,DOCX puente,DOCX puente generado localmente; ruta local no publicada,gramatical,socrático fuerte,¿Cómo se aplica correctamente el criterio de queísmo en mi frase?
puntuación,signos y delimitación,Puntuación — DPD — raya,https://www.rae.es/dpd/raya,DPD,"Criterio y ejemplos para diagnosticar, explicar y practicar raya.",añadida mediante DOCX puente,DOCX puente,DOCX puente generado localmente; ruta local no publicada,ortográfica,socrático fuerte,¿Cómo se aplica correctamente el criterio de raya en mi frase?
léxico/semántica,precisión léxica y préstamos,Léxico y semántica — DPD — seseo,https://www.rae.es/dpd/seseo,DPD,"Criterio y ejemplos para diagnosticar, explicar y practicar seseo.",añadida mediante DOCX puente,DOCX puente,DOCX puente generado localmente; ruta local no publicada,léxica,guiado-aplicado,¿Cómo se aplica correctamente el criterio de seseo en mi frase?
ortotipografía,convenciones gráficas,Ortotipografía — DPD — sigla,https://www.rae.es/dpd/sigla,DPD,"Criterio y ejemplos para diagnosticar, explicar y practicar sigla.",añadida mediante DOCX puente,DOCX puente,DOCX puente generado localmente; ruta local no publicada,ortotipográfica,consulta directa,¿Cómo se aplica correctamente el criterio de sigla en mi frase?
ortotipografía,convenciones gráficas,Ortotipografía — DPD — siglos,https://www.rae.es/dpd/siglos,DPD,"Criterio y ejemplos para diagnosticar, explicar y practicar siglos.",añadida mediante DOCX puente,DOCX puente,DOCX puente generado localmente; ruta local no publicada,ortotipográfica,consulta directa,¿Cómo se aplica correctamente el criterio de siglos en mi frase?
puntuación,signos y delimitación,Puntuación — DPD — signos de interrogación y exclamación,https://www.rae.es/dpd/signos%20de%20interrogaci%C3%B3n%20y%20exclamaci%C3%B3n,DPD,"Criterio y ejemplos para diagnosticar, explicar y practicar signos de interrogación y exclamación.",añadida mediante DOCX puente,DOCX puente,DOCX puente generado localmente; ruta local no publicada,ortográfica,socrático fuerte,¿Cómo se aplica correctamente el criterio de signos de interrogación y exclamación en mi frase?
puntuación,signos y delimitación,Puntuación — DPD — signos ortográficos,https://www.rae.es/dpd/signos%20ortogr%C3%A1ficos,DPD,"Criterio y ejemplos para diagnosticar, explicar y practicar signos ortográficos.",añadida mediante DOCX puente,DOCX puente,DOCX puente generado localmente; ruta local no publicada,ortográfica,socrático fuerte,¿Cómo se aplica correctamente el criterio de signos ortográficos en mi frase?
ortotipografía,convenciones gráficas,Ortotipografía — DPD — símbolo,https://www.rae.es/dpd/s%C3%ADmbolo,DPD,"Criterio y ejemplos para diagnosticar, explicar y practicar símbolo.",añadida mediante DOCX puente,DOCX puente,DOCX puente generado localmente; ruta local no publicada,ortotipográfica,consulta directa,¿Cómo se aplica correctamente el criterio de símbolo en mi frase?
ortografía,acentuación y grafías,Ortografía — DPD — tilde,https://www.rae.es/dpd/tilde,DPD,"Criterio y ejemplos para diagnosticar, explicar y practicar tilde.",añadida mediante DOCX puente,DOCX puente,DOCX puente generado localmente; ruta local no publicada,ortográfica,consulta directa,¿Cómo se aplica correctamente el criterio de tilde en mi frase?
ortografía,acentuación y grafías,Ortografía — DPD — triptongo,https://www.rae.es/dpd/triptongo,DPD,"Criterio y ejemplos para diagnosticar, explicar y practicar triptongo.",añadida mediante DOCX puente,DOCX puente,DOCX puente generado localmente; ruta local no publicada,ortográfica,consulta directa,¿Cómo se aplica correctamente el criterio de triptongo en mi frase?
gramática,morfología y clases de palabras,Gramática — DPD — voseo,https://www.rae.es/dpd/voseo,DPD,"Criterio y ejemplos para diagnosticar, explicar y practicar voseo.",añadida mediante DOCX puente,DOCX puente,DOCX puente generado localmente; ruta local no publicada,gramatical,socrático fuerte,¿Cómo se aplica correctamente el criterio de voseo en mi frase?
léxico/semántica,precisión léxica y préstamos,Léxico y semántica — DPD — yeísmo,https://www.rae.es/dpd/ye%C3%ADsmo,DPD,"Criterio y ejemplos para diagnosticar, explicar y practicar yeísmo.",añadida mediante DOCX puente,DOCX puente,DOCX puente generado localmente; ruta local no publicada,léxica,guiado-aplicado,¿Cómo se aplica correctamente el criterio de yeísmo en mi frase?
sintaxis,construcción y relaciones sintácticas,Sintaxis — GTG — complemento circunstancial,https://www.rae.es/gtg/complemento-circunstancial,GTG,"Criterio y ejemplos para diagnosticar, explicar y practicar complemento circunstancial.",añadida mediante DOCX puente,DOCX puente,DOCX puente generado localmente; ruta local no publicada,gramatical,socrático fuerte,¿Cómo se aplica correctamente el criterio de complemento circunstancial en mi frase?
gramática,morfología y clases de palabras,Gramática — GTG — compuesto,https://www.rae.es/gtg/compuesto,GTG,"Criterio y ejemplos para diagnosticar, explicar y practicar compuesto.",añadida mediante DOCX puente,DOCX puente,DOCX puente generado localmente; ruta local no publicada,gramatical,socrático fuerte,¿Cómo se aplica correctamente el criterio de compuesto en mi frase?
gramática,morfología y clases de palabras,Gramática — GTG — compuesto sintagmático,https://www.rae.es/gtg/compuesto-sintagm%C3%A1tico,GTG,"Criterio y ejemplos para diagnosticar, explicar y practicar compuesto sintagmático.",añadida mediante DOCX puente,DOCX puente,DOCX puente generado localmente; ruta local no publicada,gramatical,socrático fuerte,¿Cómo se aplica correctamente el criterio de compuesto sintagmático en mi frase?
sintaxis,construcción y relaciones sintácticas,Sintaxis — GTG — conjunción adversativa,https://www.rae.es/gtg/conjunci%C3%B3n-adversativa,GTG,"Criterio y ejemplos para diagnosticar, explicar y practicar conjunción adversativa.",añadida mediante DOCX puente,DOCX puente,DOCX puente generado localmente; ruta local no publicada,gramatical,socrático fuerte,¿Cómo se aplica correctamente el criterio de conjunción adversativa en mi frase?
sintaxis,construcción y relaciones sintácticas,Sintaxis — GTG — conjunción causal,https://www.rae.es/gtg/conjunci%C3%B3n-causal,GTG,"Criterio y ejemplos para diagnosticar, explicar y practicar conjunción causal.",añadida mediante DOCX puente,DOCX puente,DOCX puente generado localmente; ruta local no publicada,gramatical,socrático fuerte,¿Cómo se aplica correctamente el criterio de conjunción causal en mi frase?
sintaxis,construcción y relaciones sintácticas,Sintaxis — GTG — conjunción completiva,https://www.rae.es/gtg/conjunci%C3%B3n-completiva,GTG,"Criterio y ejemplos para diagnosticar, explicar y practicar conjunción completiva.",añadida mediante DOCX puente,DOCX puente,DOCX puente generado localmente; ruta local no publicada,gramatical,socrático fuerte,¿Cómo se aplica correctamente el criterio de conjunción completiva en mi frase?
sintaxis,construcción y relaciones sintácticas,Sintaxis — GTG — conjunción concesiva,https://www.rae.es/gtg/conjunci%C3%B3n-concesiva,GTG,"Criterio y ejemplos para diagnosticar, explicar y practicar conjunción concesiva.",añadida mediante DOCX puente,DOCX puente,DOCX puente generado localmente; ruta local no publicada,gramatical,socrático fuerte,¿Cómo se aplica correctamente el criterio de conjunción concesiva en mi frase?
sintaxis,construcción y relaciones sintácticas,Sintaxis — GTG — conjunción condicional,https://www.rae.es/gtg/conjunci%C3%B3n-condicional,GTG,"Criterio y ejemplos para diagnosticar, explicar y practicar conjunción condicional.",añadida mediante DOCX puente,DOCX puente,DOCX puente generado localmente; ruta local no publicada,gramatical,socrático fuerte,¿Cómo se aplica correctamente el criterio de conjunción condicional en mi frase?
sintaxis,construcción y relaciones sintácticas,Sintaxis — GTG — conjunción copulativa,https://www.rae.es/gtg/conjunci%C3%B3n-copulativa,GTG,"Criterio y ejemplos para diagnosticar, explicar y practicar conjunción copulativa.",añadida mediante DOCX puente,DOCX puente,DOCX puente generado localmente; ruta local no publicada,gramatical,socrático fuerte,¿Cómo se aplica correctamente el criterio de conjunción copulativa en mi frase?
sintaxis,construcción y relaciones sintácticas,Sintaxis — GTG — conjunción disyuntiva,https://www.rae.es/gtg/conjunci%C3%B3n-disyuntiva,GTG,"Criterio y ejemplos para diagnosticar, explicar y practicar conjunción disyuntiva.",añadida mediante DOCX puente,DOCX puente,DOCX puente generado localmente; ruta local no publicada,gramatical,socrático fuerte,¿Cómo se aplica correctamente el criterio de conjunción disyuntiva en mi frase?
sintaxis,construcción y relaciones sintácticas,Sintaxis — GTG — conjunción final,https://www.rae.es/gtg/conjunci%C3%B3n-final,GTG,"Criterio y ejemplos para diagnosticar, explicar y practicar conjunción final.",añadida mediante DOCX puente,DOCX puente,DOCX puente generado localmente; ruta local no publicada,gramatical,socrático fuerte,¿Cómo se aplica correctamente el criterio de conjunción final en mi frase?
sintaxis,construcción y relaciones sintácticas,Sintaxis — GTG — conjunción ilativa,https://www.rae.es/gtg/conjunci%C3%B3n-ilativa,GTG,"Criterio y ejemplos para diagnosticar, explicar y practicar conjunción ilativa.",añadida mediante DOCX puente,DOCX puente,DOCX puente generado localmente; ruta local no publicada,gramatical,socrático fuerte,¿Cómo se aplica correctamente el criterio de conjunción ilativa en mi frase?
léxico/semántica,precisión léxica y préstamos,Léxico y semántica — GTG — construcción comparativa,https://www.rae.es/gtg/construcci%C3%B3n-comparativa,GTG,"Criterio y ejemplos para diagnosticar, explicar y practicar construcción comparativa.",añadida mediante DOCX puente,DOCX puente,DOCX puente generado localmente; ruta local no publicada,léxica,guiado-aplicado,¿Cómo se aplica correctamente el criterio de construcción comparativa en mi frase?
léxico/semántica,precisión léxica y préstamos,Léxico y semántica — GTG — construcción consecutiva,https://www.rae.es/gtg/construcci%C3%B3n-consecutiva,GTG,"Criterio y ejemplos para diagnosticar, explicar y practicar construcción consecutiva.",añadida mediante DOCX puente,DOCX puente,DOCX puente generado localmente; ruta local no publicada,léxica,guiado-aplicado,¿Cómo se aplica correctamente el criterio de construcción consecutiva en mi frase?
sintaxis,construcción y relaciones sintácticas,Sintaxis — GTG — coordinación,https://www.rae.es/gtg/coordinaci%C3%B3n,GTG,"Criterio y ejemplos para diagnosticar, explicar y practicar coordinación.",añadida mediante DOCX puente,DOCX puente,DOCX puente generado localmente; ruta local no publicada,gramatical,socrático fuerte,¿Cómo se aplica correctamente el criterio de coordinación en mi frase?
sintaxis,construcción y relaciones sintácticas,Sintaxis — GTG — elipsis,https://www.rae.es/gtg/elipsis,GTG,"Criterio y ejemplos para diagnosticar, explicar y practicar elipsis.",añadida mediante DOCX puente,DOCX puente,DOCX puente generado localmente; ruta local no publicada,gramatical,socrático fuerte,¿Cómo se aplica correctamente el criterio de elipsis en mi frase?
léxico/semántica,precisión léxica y préstamos,Léxico y semántica — GTG — gentilicio,https://www.rae.es/gtg/gentilicio,GTG,"Criterio y ejemplos para diagnosticar, explicar y practicar gentilicio.",añadida mediante DOCX puente,DOCX puente,DOCX puente generado localmente; ruta local no publicada,léxica,guiado-aplicado,¿Cómo se aplica correctamente el criterio de gentilicio en mi frase?
gramática,morfología y clases de palabras,Gramática — GTG — interjección,https://www.rae.es/gtg/interjecci%C3%B3n,GTG,"Criterio y ejemplos para diagnosticar, explicar y practicar interjección.",añadida mediante DOCX puente,DOCX puente,DOCX puente generado localmente; ruta local no publicada,gramatical,socrático fuerte,¿Cómo se aplica correctamente el criterio de interjección en mi frase?
gramática,morfología y clases de palabras,Gramática — GTG — morfema,https://www.rae.es/gtg/morfema,GTG,"Criterio y ejemplos para diagnosticar, explicar y practicar morfema.",añadida mediante DOCX puente,DOCX puente,DOCX puente generado localmente; ruta local no publicada,gramatical,socrático fuerte,¿Cómo se aplica correctamente el criterio de morfema en mi frase?
léxico/semántica,precisión léxica y préstamos,Léxico y semántica — GTG — nombre propio,https://www.rae.es/gtg/nombre-propio,GTG,"Criterio y ejemplos para diagnosticar, explicar y practicar nombre propio.",añadida mediante DOCX puente,DOCX puente,DOCX puente generado localmente; ruta local no publicada,léxica,guiado-aplicado,¿Cómo se aplica correctamente el criterio de nombre propio en mi frase?
ortotipografía,convenciones gráficas,Ortotipografía — GTG — numeral,https://www.rae.es/gtg/numeral,GTG,"Criterio y ejemplos para diagnosticar, explicar y practicar numeral.",añadida mediante DOCX puente,DOCX puente,DOCX puente generado localmente; ruta local no publicada,ortotipográfica,consulta directa,¿Cómo se aplica correctamente el criterio de numeral en mi frase?
sintaxis,construcción y relaciones sintácticas,Sintaxis — GTG — oración coordinada copulativa,https://www.rae.es/gtg/oraci%C3%B3n-coordinada-copulativa,GTG,"Criterio y ejemplos para diagnosticar, explicar y practicar oración coordinada copulativa.",añadida mediante DOCX puente,DOCX puente,DOCX puente generado localmente; ruta local no publicada,gramatical,socrático fuerte,¿Cómo se aplica correctamente el criterio de oración coordinada copulativa en mi frase?
sintaxis,construcción y relaciones sintácticas,Sintaxis — GTG — oración coordinada disyuntiva,https://www.rae.es/gtg/oraci%C3%B3n-coordinada-disyuntiva,GTG,"Criterio y ejemplos para diagnosticar, explicar y practicar oración coordinada disyuntiva.",añadida mediante DOCX puente,DOCX puente,DOCX puente generado localmente; ruta local no publicada,gramatical,socrático fuerte,¿Cómo se aplica correctamente el criterio de oración coordinada disyuntiva en mi frase?
puntuación,signos y delimitación,Puntuación — GTG — oración de modalidad exclamativa,https://www.rae.es/gtg/oraci%C3%B3n-de-modalidad-exclamativa,GTG,"Criterio y ejemplos para diagnosticar, explicar y practicar oración de modalidad exclamativa.",añadida mediante DOCX puente,DOCX puente,DOCX puente generado localmente; ruta local no publicada,ortográfica,socrático fuerte,¿Cómo se aplica correctamente el criterio de oración de modalidad exclamativa en mi frase?
puntuación,signos y delimitación,Puntuación — GTG — oración de modalidad interrogativa,https://www.rae.es/gtg/oraci%C3%B3n-de-modalidad-interrogativa,GTG,"Criterio y ejemplos para diagnosticar, explicar y practicar oración de modalidad interrogativa.",añadida mediante DOCX puente,DOCX puente,DOCX puente generado localmente; ruta local no publicada,ortográfica,socrático fuerte,¿Cómo se aplica correctamente el criterio de oración de modalidad interrogativa en mi frase?
sintaxis,construcción y relaciones sintácticas,Sintaxis — GTG — oración subordinada,https://www.rae.es/gtg/oraci%C3%B3n-subordinada,GTG,"Criterio y ejemplos para diagnosticar, explicar y practicar oración subordinada.",añadida mediante DOCX puente,DOCX puente,DOCX puente generado localmente; ruta local no publicada,gramatical,socrático fuerte,¿Cómo se aplica correctamente el criterio de oración subordinada en mi frase?
sintaxis,construcción y relaciones sintácticas,Sintaxis — GTG — oración subordinada adverbial causal,https://www.rae.es/gtg/oraci%C3%B3n-subordinada-adverbial-causal,GTG,"Criterio y ejemplos para diagnosticar, explicar y practicar oración subordinada adverbial causal.",añadida mediante DOCX puente,DOCX puente,DOCX puente generado localmente; ruta local no publicada,gramatical,socrático fuerte,¿Cómo se aplica correctamente el criterio de oración subordinada adverbial causal en mi frase?
sintaxis,construcción y relaciones sintácticas,Sintaxis — GTG — oración subordinada adverbial condicional,https://www.rae.es/gtg/oraci%C3%B3n-subordinada-adverbial-condicional,GTG,"Criterio y ejemplos para diagnosticar, explicar y practicar oración subordinada adverbial condicional.",añadida mediante DOCX puente,DOCX puente,DOCX puente generado localmente; ruta local no publicada,gramatical,socrático fuerte,¿Cómo se aplica correctamente el criterio de oración subordinada adverbial condicional en mi frase?
sintaxis,construcción y relaciones sintácticas,Sintaxis — GTG — oración subordinada adverbial final,https://www.rae.es/gtg/oraci%C3%B3n-subordinada-adverbial-final,GTG,"Criterio y ejemplos para diagnosticar, explicar y practicar oración subordinada adverbial final.",añadida mediante DOCX puente,DOCX puente,DOCX puente generado localmente; ruta local no publicada,gramatical,socrático fuerte,¿Cómo se aplica correctamente el criterio de oración subordinada adverbial final en mi frase?
sintaxis,construcción y relaciones sintácticas,Sintaxis — GTG — oración subordinada adverbial ilativa,https://www.rae.es/gtg/oraci%C3%B3n-subordinada-adverbial-ilativa,GTG,"Criterio y ejemplos para diagnosticar, explicar y practicar oración subordinada adverbial ilativa.",añadida mediante DOCX puente,DOCX puente,DOCX puente generado localmente; ruta local no publicada,gramatical,socrático fuerte,¿Cómo se aplica correctamente el criterio de oración subordinada adverbial ilativa en mi frase?
sintaxis,construcción y relaciones sintácticas,Sintaxis — GTG — oración subordinada de relativo,https://www.rae.es/gtg/oraci%C3%B3n-subordinada-de-relativo,GTG,"Criterio y ejemplos para diagnosticar, explicar y practicar oración subordinada de relativo.",añadida mediante DOCX puente,DOCX puente,DOCX puente generado localmente; ruta local no publicada,gramatical,socrático fuerte,¿Cómo se aplica correctamente el criterio de oración subordinada de relativo en mi frase?
sintaxis,construcción y relaciones sintácticas,Sintaxis — GTG — oración subordinada sustantiva,https://www.rae.es/gtg/oraci%C3%B3n-subordinada-sustantiva,GTG,"Criterio y ejemplos para diagnosticar, explicar y practicar oración subordinada sustantiva.",añadida mediante DOCX puente,DOCX puente,DOCX puente generado localmente; ruta local no publicada,gramatical,socrático fuerte,¿Cómo se aplica correctamente el criterio de oración subordinada sustantiva en mi frase?
ortografía,acentuación y grafías,Ortografía — GTG — prefijo,https://www.rae.es/gtg/prefijo,GTG,"Criterio y ejemplos para diagnosticar, explicar y practicar prefijo.",añadida mediante DOCX puente,DOCX puente,DOCX puente generado localmente; ruta local no publicada,ortográfica,consulta directa,¿Cómo se aplica correctamente el criterio de prefijo en mi frase?
sintaxis,construcción y relaciones sintácticas,Sintaxis — GTG — sujeto,https://www.rae.es/gtg/sujeto,GTG,"Criterio y ejemplos para diagnosticar, explicar y practicar sujeto.",añadida mediante DOCX puente,DOCX puente,DOCX puente generado localmente; ruta local no publicada,gramatical,socrático fuerte,¿Cómo se aplica correctamente el criterio de sujeto en mi frase?
puntuación,signos y delimitación,Puntuación — GTG — vocativo,https://www.rae.es/gtg/vocativo,GTG,"Criterio y ejemplos para diagnosticar, explicar y practicar vocativo.",añadida mediante DOCX puente,DOCX puente,DOCX puente generado localmente; ruta local no publicada,ortográfica,socrático fuerte,¿Cómo se aplica correctamente el criterio de vocativo en mi frase?
sintaxis,construcción y relaciones sintácticas,Sintaxis — GTG — yuxtaposición,https://www.rae.es/gtg/yuxtaposici%C3%B3n,GTG,"Criterio y ejemplos para diagnosticar, explicar y practicar yuxtaposición.",añadida mediante DOCX puente,DOCX puente,DOCX puente generado localmente; ruta local no publicada,gramatical,socrático fuerte,¿Cómo se aplica correctamente el criterio de yuxtaposición en mi frase?
léxico/semántica,precisión léxica y préstamos,Léxico y semántica — Ortografía — La representación gráfica de los fonemas,https://www.rae.es/ortografía/la-representaci%C3%B3n-gr%C3%A1fica-de-los-fonemas-el-uso-de-las-letras-o-grafemas,Ortografía,"Criterio y ejemplos para diagnosticar, explicar y practicar La representación gráfica de los fonemas.",añadida mediante DOCX puente,DOCX puente,DOCX puente generado localmente; ruta local no publicada,léxica,guiado-aplicado,¿Cómo se aplica correctamente el criterio de La representación gráfica de los fonemas en mi frase?
ortografía,acentuación y grafías,Ortografía — Ortografía — La representación gráfica del acento,https://www.rae.es/ortografía/la-representaci%C3%B3n-gr%C3%A1fica-del-acento-el-uso-de-la-tilde,Ortografía,"Criterio y ejemplos para diagnosticar, explicar y practicar La representación gráfica del acento.",añadida mediante DOCX puente,DOCX puente,DOCX puente generado localmente; ruta local no publicada,ortográfica,consulta directa,¿Cómo se aplica correctamente el criterio de La representación gráfica del acento en mi frase?
puntuación,signos y delimitación,Puntuación — Ortografía — El uso de los signos ortográficos,https://www.rae.es/ortografía/el-uso-de-los-signos-ortogr%C3%A1ficos,Ortografía,"Criterio y ejemplos para diagnosticar, explicar y practicar El uso de los signos ortográficos.",añadida mediante DOCX puente,DOCX puente,DOCX puente generado localmente; ruta local no publicada,ortográfica,socrático fuerte,¿Cómo se aplica correctamente el criterio de El uso de los signos ortográficos en mi frase?
ortotipografía,convenciones gráficas,Ortotipografía — Ortografía — Minúsculas y mayúsculas,https://www.rae.es/ortografía/el-uso-de-las-letras-min%C3%BAsculas-y-may%C3%BAsculas,Ortografía,"Criterio y ejemplos para diagnosticar, explicar y practicar Minúsculas y mayúsculas.",añadida mediante DOCX puente,DOCX puente,DOCX puente generado localmente; ruta local no publicada,ortotipográfica,consulta directa,¿Cómo se aplica correctamente el criterio de Minúsculas y mayúsculas en mi frase?
léxico/semántica,precisión léxica y préstamos,Léxico y semántica — Ortografía — Representación de las unidades léxicas,https://www.rae.es/ortografía/la-representaci%C3%B3n-gr%C3%A1fica-de-las-unidades-l%C3%A9xicas,Ortografía,"Criterio y ejemplos para diagnosticar, explicar y practicar Representación de las unidades léxicas.",añadida mediante DOCX puente,DOCX puente,DOCX puente generado localmente; ruta local no publicada,léxica,guiado-aplicado,¿Cómo se aplica correctamente el criterio de Representación de las unidades léxicas en mi frase?
léxico/semántica,precisión léxica y préstamos,Léxico y semántica — Ortografía — Extranjerismos y latinismos,https://www.rae.es/ortografía/la-ortograf%C3%ADa-de-las-expresiones-procedentes-de-otras-lenguas,Ortografía,"Criterio y ejemplos para diagnosticar, explicar y practicar Extranjerismos y latinismos.",añadida mediante DOCX puente,DOCX puente,DOCX puente generado localmente; ruta local no publicada,léxica,guiado-aplicado,¿Cómo se aplica correctamente el criterio de Extranjerismos y latinismos en mi frase?
léxico/semántica,precisión léxica y préstamos,Léxico y semántica — Ortografía — Ortografía de nombres propios,https://www.rae.es/ortografía/la-ortograf%C3%ADa-de-los-nombres-propios,Ortografía,"Criterio y ejemplos para diagnosticar, explicar y practicar Ortografía de nombres propios.",añadida mediante DOCX puente,DOCX puente,DOCX puente generado localmente; ruta local no publicada,léxica,guiado-aplicado,¿Cómo se aplica correctamente el criterio de Ortografía de nombres propios en mi frase?
léxico/semántica,precisión léxica y préstamos,Léxico y semántica — Ortografía — Expresiones numéricas,https://www.rae.es/ortografía/la-ortograf%C3%ADa-de-las-expresiones-num%C3%A9ricas,Ortografía,"Criterio y ejemplos para diagnosticar, explicar y practicar Expresiones numéricas.",añadida mediante DOCX puente,DOCX puente,DOCX puente generado localmente; ruta local no publicada,léxica,guiado-aplicado,¿Cómo se aplica correctamente el criterio de Expresiones numéricas en mi frase?
léxico/semántica,precisión léxica y préstamos,"Léxico y semántica — FundéuRAE — fan zone, alternativas en español",https://www.fundeu.es/recomendacion/zona-hinchas-fans-aficionados-barra-hichada/,FundéuRAE,"Criterio y ejemplos para diagnosticar, explicar y practicar fan zone, alternativas en español.",añadida por URL directa,URL,,léxica,guiado-aplicado,"¿Cómo se aplica correctamente el criterio de fan zone, alternativas en español en mi frase?"
léxico/semántica,precisión léxica y préstamos,"Léxico y semántica — FundéuRAE — en caso de que, no en caso que",https://www.fundeu.es/recomendacion/en-caso-de-que-no-en-caso-que/,FundéuRAE,"Criterio y ejemplos para diagnosticar, explicar y practicar en caso de que, no en caso que.",añadida por URL directa,URL,,léxica,guiado-aplicado,"¿Cómo se aplica correctamente el criterio de en caso de que, no en caso que en mi frase?"
léxico/semántica,precisión léxica y préstamos,Léxico y semántica — FundéuRAE — descanso o entretiempo,https://www.fundeu.es/recomendacion/descanso-entretiempo-mejor-que-media-parte/,FundéuRAE,"Criterio y ejemplos para diagnosticar, explicar y practicar descanso o entretiempo.",añadida por URL directa,URL,,léxica,guiado-aplicado,¿Cómo se aplica correctamente el criterio de descanso o entretiempo en mi frase?
léxico/semántica,precisión léxica y préstamos,Léxico y semántica — FundéuRAE — masa de aire cálido,https://www.fundeu.es/recomendacion/masa-de-aire-calido-masa-de-calor/,FundéuRAE,"Criterio y ejemplos para diagnosticar, explicar y practicar masa de aire cálido.",añadida por URL directa,URL,,léxica,guiado-aplicado,¿Cómo se aplica correctamente el criterio de masa de aire cálido en mi frase?
léxico/semántica,precisión léxica y préstamos,Léxico y semántica — FundéuRAE — trillionaire es billonario,https://www.fundeu.es/recomendacion/trillionaire-billonario-trillonario/,FundéuRAE,"Criterio y ejemplos para diagnosticar, explicar y practicar trillionaire es billonario.",añadida por URL directa,URL,,léxica,guiado-aplicado,¿Cómo se aplica correctamente el criterio de trillionaire es billonario en mi frase?
léxico/semántica,precisión léxica y préstamos,Léxico y semántica — FundéuRAE — Ghana y Gana,https://www.fundeu.es/recomendacion/ghanes-ghana-gana-ganes/,FundéuRAE,"Criterio y ejemplos para diagnosticar, explicar y practicar Ghana y Gana.",añadida por URL directa,URL,,léxica,guiado-aplicado,¿Cómo se aplica correctamente el criterio de Ghana y Gana en mi frase?
léxico/semántica,precisión léxica y préstamos,"Léxico y semántica — FundéuRAE — Uzbekistán, grafías",https://www.fundeu.es/recomendacion/uzbekistan-andiyan/,FundéuRAE,"Criterio y ejemplos para diagnosticar, explicar y practicar Uzbekistán, grafías.",añadida por URL directa,URL,,léxica,guiado-aplicado,"¿Cómo se aplica correctamente el criterio de Uzbekistán, grafías en mi frase?"
léxico/semántica,precisión léxica y préstamos,Léxico y semántica — FundéuRAE — pausa de hidratación,https://www.fundeu.es/recomendacion/pausa-de-hidratacion-mejor-que-cooling-break/,FundéuRAE,"Criterio y ejemplos para diagnosticar, explicar y practicar pausa de hidratación.",añadida por URL directa,URL,,léxica,guiado-aplicado,¿Cómo se aplica correctamente el criterio de pausa de hidratación en mi frase?
léxico/semántica,precisión léxica y préstamos,Léxico y semántica — FundéuRAE — memorando y memorándum,https://www.fundeu.es/recomendacion/memorando-y-memorandum-formas-validas/,FundéuRAE,"Criterio y ejemplos para diagnosticar, explicar y practicar memorando y memorándum.",añadida por URL directa,URL,,léxica,guiado-aplicado,¿Cómo se aplica correctamente el criterio de memorando y memorándum en mi frase?
estilo,adecuación y redacción,"Estilo — FundéuRAE — donación de sangre, claves",https://www.fundeu.es/recomendacion/donacion-de-sangre-claves-de-redaccion/,FundéuRAE,"Criterio y ejemplos para diagnosticar, explicar y practicar donación de sangre, claves.",añadida por URL directa,URL,,estilística,guiado-aplicado,"¿Cómo se aplica correctamente el criterio de donación de sangre, claves en mi frase?"
léxico/semántica,precisión léxica y préstamos,Léxico y semántica — FundéuRAE — Bosnia y Herzegovina,https://www.fundeu.es/recomendacion/bosnio-bosnia-herzegovina/,FundéuRAE,"Criterio y ejemplos para diagnosticar, explicar y practicar Bosnia y Herzegovina.",añadida por URL directa,URL,,léxica,guiado-aplicado,¿Cómo se aplica correctamente el criterio de Bosnia y Herzegovina en mi frase?
estilo,adecuación y redacción,"Estilo — FundéuRAE — Gaudí, claves de redacción",https://www.fundeu.es/recomendacion/centenario-de-la-muerte-de-antoni-gaudi-claves-de-redaccion/,FundéuRAE,"Criterio y ejemplos para diagnosticar, explicar y practicar Gaudí, claves de redacción.",añadida por URL directa,URL,,estilística,guiado-aplicado,"¿Cómo se aplica correctamente el criterio de Gaudí, claves de redacción en mi frase?"
estilo,adecuación y redacción,"Estilo — FundéuRAE — sedes del mundial, claves",https://www.fundeu.es/recomendacion/sedes-del-mundial-de-futbol-claves-de-redaccion/,FundéuRAE,"Criterio y ejemplos para diagnosticar, explicar y practicar sedes del mundial, claves.",añadida por URL directa,URL,,estilística,guiado-aplicado,"¿Cómo se aplica correctamente el criterio de sedes del mundial, claves en mi frase?"
estilo,adecuación y redacción,"Estilo — FundéuRAE — mundial de fútbol, claves",https://www.fundeu.es/recomendacion/mundial-de-futbol-claves-de-redaccion/,FundéuRAE,"Criterio y ejemplos para diagnosticar, explicar y practicar mundial de fútbol, claves.",añadida por URL directa,URL,,estilística,guiado-aplicado,"¿Cómo se aplica correctamente el criterio de mundial de fútbol, claves en mi frase?"
léxico/semántica,precisión léxica y préstamos,Léxico y semántica — FundéuRAE — superviviente a largo plazo,https://www.fundeu.es/recomendacion/superviviente-a-largo-plazo-mejor-que-largo-superviviente/,FundéuRAE,"Criterio y ejemplos para diagnosticar, explicar y practicar superviviente a largo plazo.",añadida por URL directa,URL,,léxica,guiado-aplicado,¿Cómo se aplica correctamente el criterio de superviviente a largo plazo en mi frase?
sintaxis,construcción y relaciones sintácticas,Sintaxis — FundéuRAE — decoración dopaminérgica,https://www.fundeu.es/recomendacion/decoracion-dopanigergica-mejor-que-dopamine-decor/,FundéuRAE,"Criterio y ejemplos para diagnosticar, explicar y practicar decoración dopaminérgica.",añadida por URL directa,URL,,gramatical,socrático fuerte,¿Cómo se aplica correctamente el criterio de decoración dopaminérgica en mi frase?
léxico/semántica,precisión léxica y préstamos,Léxico y semántica — FundéuRAE — una vez y una vez que,https://www.fundeu.es/recomendacion/una-vez-una-vez-que/,FundéuRAE,"Criterio y ejemplos para diagnosticar, explicar y practicar una vez y una vez que.",añadida por URL directa,URL,,léxica,guiado-aplicado,¿Cómo se aplica correctamente el criterio de una vez y una vez que en mi frase?
ortotipografía,convenciones gráficas,Ortotipografía — FundéuRAE — leyes no oficiales en minúscula,https://www.fundeu.es/recomendacion/leyes-grafia-de-los-nombres-no-oficiales/,FundéuRAE,"Criterio y ejemplos para diagnosticar, explicar y practicar leyes no oficiales en minúscula.",añadida por URL directa,URL,,ortotipográfica,consulta directa,¿Cómo se aplica correctamente el criterio de leyes no oficiales en minúscula en mi frase?
ortotipografía,convenciones gráficas,Ortotipografía — FundéuRAE — selectividad en minúscula,https://www.fundeu.es/recomendacion/selectividad-con-minuscula/,FundéuRAE,"Criterio y ejemplos para diagnosticar, explicar y practicar selectividad en minúscula.",añadida por URL directa,URL,,ortotipográfica,consulta directa,¿Cómo se aplica correctamente el criterio de selectividad en minúscula en mi frase?
léxico/semántica,precisión léxica y préstamos,Léxico y semántica — FundéuRAE — tabaquismo y consumo de tabaco,https://www.fundeu.es/recomendacion/tabaquismo-no-es-consumo-de-tabaco/,FundéuRAE,"Criterio y ejemplos para diagnosticar, explicar y practicar tabaquismo y consumo de tabaco.",añadida por URL directa,URL,,léxica,guiado-aplicado,¿Cómo se aplica correctamente el criterio de tabaquismo y consumo de tabaco en mi frase?
estilo,adecuación y redacción,"Estilo — FundéuRAE — ébola, claves de redacción",https://www.fundeu.es/recomendacion/ebola-claves-para-una-buena-redaccion/,FundéuRAE,"Criterio y ejemplos para diagnosticar, explicar y practicar ébola, claves de redacción.",añadida por URL directa,URL,,estilística,guiado-aplicado,"¿Cómo se aplica correctamente el criterio de ébola, claves de redacción en mi frase?"
léxico/semántica,precisión léxica y préstamos,"Léxico y semántica — FundéuRAE — urgir de, usos",https://www.fundeu.es/recomendacion/urgir-de-usos-propios-e-impropios/,FundéuRAE,"Criterio y ejemplos para diagnosticar, explicar y practicar urgir de, usos.",añadida por URL directa,URL,,léxica,guiado-aplicado,"¿Cómo se aplica correctamente el criterio de urgir de, usos en mi frase?"
gramática,morfología y clases de palabras,Gramática — FundéuRAE — género en topónimos,https://www.fundeu.es/recomendacion/genero-en-continentes-ciudades-y-paises/,FundéuRAE,"Criterio y ejemplos para diagnosticar, explicar y practicar género en topónimos.",añadida por URL directa,URL,,gramatical,socrático fuerte,¿Cómo se aplica correctamente el criterio de género en topónimos en mi frase?
estilo,adecuación y redacción,"Estilo — FundéuRAE — papa León XIV, claves",https://www.fundeu.es/recomendacion/visita-del-papa-leon-xiv-a-espana-claves-de-redaccion/,FundéuRAE,"Criterio y ejemplos para diagnosticar, explicar y practicar papa León XIV, claves.",añadida por URL directa,URL,,estilística,guiado-aplicado,"¿Cómo se aplica correctamente el criterio de papa León XIV, claves en mi frase?"
léxico/semántica,precisión léxica y préstamos,Léxico y semántica — FundéuRAE — todas manchadas y todo manchadas,https://www.fundeu.es/recomendacion/todas-manchadas-todo-manchadas-ambas-validas/,FundéuRAE,"Criterio y ejemplos para diagnosticar, explicar y practicar todas manchadas y todo manchadas.",añadida por URL directa,URL,,léxica,guiado-aplicado,¿Cómo se aplica correctamente el criterio de todas manchadas y todo manchadas en mi frase?
léxico/semántica,precisión léxica y préstamos,Léxico y semántica — FundéuRAE — batería externa,https://www.fundeu.es/recomendacion/power-bank/,FundéuRAE,"Criterio y ejemplos para diagnosticar, explicar y practicar batería externa.",añadida por URL directa,URL,,léxica,guiado-aplicado,¿Cómo se aplica correctamente el criterio de batería externa en mi frase?
ortografía,acentuación y grafías,Ortografía — FundéuRAE — avatar sin tilde,https://www.fundeu.es/recomendacion/avatar-tilde/,FundéuRAE,"Criterio y ejemplos para diagnosticar, explicar y practicar avatar sin tilde.",añadida por URL directa,URL,,ortográfica,consulta directa,¿Cómo se aplica correctamente el criterio de avatar sin tilde en mi frase?
léxico/semántica,precisión léxica y préstamos,Léxico y semántica — FundéuRAE — advertir y advertir de,https://www.fundeu.es/recomendacion/advertir-de-preposicion-significado/,FundéuRAE,"Criterio y ejemplos para diagnosticar, explicar y practicar advertir y advertir de.",añadida por URL directa,URL,,léxica,guiado-aplicado,¿Cómo se aplica correctamente el criterio de advertir y advertir de en mi frase?
estilo,adecuación y redacción,Estilo — FundéuRAE — Día Internacional de los Museos,https://www.fundeu.es/recomendacion/dia-internacional-de-los-museos-claves-de-redaccion/,FundéuRAE,"Criterio y ejemplos para diagnosticar, explicar y practicar Día Internacional de los Museos.",añadida por URL directa,URL,,estilística,guiado-aplicado,¿Cómo se aplica correctamente el criterio de Día Internacional de los Museos en mi frase?
léxico/semántica,precisión léxica y préstamos,Léxico y semántica — FundéuRAE — tomar un break,https://www.fundeu.es/recomendacion/tomar-un-break-anglicismo-innecesario/,FundéuRAE,"Criterio y ejemplos para diagnosticar, explicar y practicar tomar un break.",añadida por URL directa,URL,,léxica,guiado-aplicado,¿Cómo se aplica correctamente el criterio de tomar un break en mi frase?
léxico/semántica,precisión léxica y préstamos,Léxico y semántica — FundéuRAE — Pekín y Beijing,https://www.fundeu.es/recomendacion/pekin-mejor-que-beijing/,FundéuRAE,"Criterio y ejemplos para diagnosticar, explicar y practicar Pekín y Beijing.",añadida por URL directa,URL,,léxica,guiado-aplicado,¿Cómo se aplica correctamente el criterio de Pekín y Beijing en mi frase?
léxico/semántica,precisión léxica y préstamos,"Léxico y semántica — FundéuRAE — mercaurante, redonda",https://www.fundeu.es/recomendacion/mercaurante-no-necesita-comillas-ni-cursiva/,FundéuRAE,"Criterio y ejemplos para diagnosticar, explicar y practicar mercaurante, redonda.",añadida por URL directa,URL,,léxica,guiado-aplicado,"¿Cómo se aplica correctamente el criterio de mercaurante, redonda en mi frase?"
léxico/semántica,precisión léxica y préstamos,Léxico y semántica — FundéuRAE — condicionante y condición,https://www.fundeu.es/recomendacion/condicionante-no-es-lo-mismo-que-condicion/,FundéuRAE,"Criterio y ejemplos para diagnosticar, explicar y practicar condicionante y condición.",añadida por URL directa,URL,,léxica,guiado-aplicado,¿Cómo se aplica correctamente el criterio de condicionante y condición en mi frase?
léxico/semántica,precisión léxica y préstamos,Léxico y semántica — FundéuRAE — en concreto o concreta,https://www.fundeu.es/recomendacion/en-concreto-o-concreta-no-en-concreta/,FundéuRAE,"Criterio y ejemplos para diagnosticar, explicar y practicar en concreto o concreta.",añadida por URL directa,URL,,léxica,guiado-aplicado,¿Cómo se aplica correctamente el criterio de en concreto o concreta en mi frase?
léxico/semántica,precisión léxica y préstamos,Léxico y semántica — FundéuRAE — ex cathedra y ex cátedra,https://www.fundeu.es/recomendacion/ex-catedraex-cathedra/,FundéuRAE,"Criterio y ejemplos para diagnosticar, explicar y practicar ex cathedra y ex cátedra.",añadida por URL directa,URL,,léxica,guiado-aplicado,¿Cómo se aplica correctamente el criterio de ex cathedra y ex cátedra en mi frase?
léxico/semántica,precisión léxica y préstamos,Léxico y semántica — FundéuRAE — ingreso mínimo vital,https://www.fundeu.es/recomendacion/ingreso-minimo-vital-con-minusculas/,FundéuRAE,"Criterio y ejemplos para diagnosticar, explicar y practicar ingreso mínimo vital.",añadida por URL directa,URL,,léxica,guiado-aplicado,¿Cómo se aplica correctamente el criterio de ingreso mínimo vital en mi frase?
léxico/semántica,precisión léxica y préstamos,"Léxico y semántica — FundéuRAE — sospechar que, no de que",https://www.fundeu.es/recomendacion/sospechar-algo-no-de-algo-indica-que-se-imagina-eso/,FundéuRAE,"Criterio y ejemplos para diagnosticar, explicar y practicar sospechar que, no de que.",añadida por URL directa,URL,,léxica,guiado-aplicado,"¿Cómo se aplica correctamente el criterio de sospechar que, no de que en mi frase?"
estilo,adecuación y redacción,"Estilo — FundéuRAE — hantavirus, claves",https://www.fundeu.es/recomendacion/brote-de-hantavirus-en-un-crucero-claves-de-redaccion/,FundéuRAE,"Criterio y ejemplos para diagnosticar, explicar y practicar hantavirus, claves.",añadida por URL directa,URL,,estilística,guiado-aplicado,"¿Cómo se aplica correctamente el criterio de hantavirus, claves en mi frase?"
léxico/semántica,precisión léxica y préstamos,"Léxico y semántica — FundéuRAE — dress code, alternativas",https://www.fundeu.es/recomendacion/dress-code-alternativas-en-espanol/,FundéuRAE,"Criterio y ejemplos para diagnosticar, explicar y practicar dress code, alternativas.",añadida por URL directa,URL,,léxica,guiado-aplicado,"¿Cómo se aplica correctamente el criterio de dress code, alternativas en mi frase?"
ortografía,acentuación y grafías,Ortografía — FundéuRAE — tilde en monosílabos prefijados,https://www.fundeu.es/recomendacion/tilde-megaplan-antigas-biogas-traspie-sobreuso-preve-superyo-repon/,FundéuRAE,"Criterio y ejemplos para diagnosticar, explicar y practicar tilde en monosílabos prefijados.",añadida por URL directa,URL,,ortográfica,consulta directa,¿Cómo se aplica correctamente el criterio de tilde en monosílabos prefijados en mi frase?
ortotipografía,convenciones gráficas,"Ortotipografía — FundéuRAE — jazz, cursiva",https://www.fundeu.es/recomendacion/jazz/,FundéuRAE,"Criterio y ejemplos para diagnosticar, explicar y practicar jazz, cursiva.",añadida por URL directa,URL,,ortotipográfica,consulta directa,"¿Cómo se aplica correctamente el criterio de jazz, cursiva en mi frase?"
léxico/semántica,precisión léxica y préstamos,Léxico y semántica — FundéuRAE — combinado en deportes,https://www.fundeu.es/recomendacion/combinado-significado-en-deportes/,FundéuRAE,"Criterio y ejemplos para diagnosticar, explicar y practicar combinado en deportes.",añadida por URL directa,URL,,léxica,guiado-aplicado,¿Cómo se aplica correctamente el criterio de combinado en deportes en mi frase?
estilo,adecuación y redacción,"Estilo — FundéuRAE — estrecho de Ormuz, claves",https://www.fundeu.es/recomendacion/efectos-bloqueo-estrecho-ormuz-sector-agroalimentario/,FundéuRAE,"Criterio y ejemplos para diagnosticar, explicar y practicar estrecho de Ormuz, claves.",añadida por URL directa,URL,,estilística,guiado-aplicado,"¿Cómo se aplica correctamente el criterio de estrecho de Ormuz, claves en mi frase?"
léxico/semántica,precisión léxica y préstamos,Léxico y semántica — FundéuRAE — Mali y Malí,https://www.fundeu.es/recomendacion/mali-llana-aguda/,FundéuRAE,"Criterio y ejemplos para diagnosticar, explicar y practicar Mali y Malí.",añadida por URL directa,URL,,léxica,guiado-aplicado,¿Cómo se aplica correctamente el criterio de Mali y Malí en mi frase?
estilo,adecuación y redacción,"Estilo — FundéuRAE — Chernóbil, claves",https://www.fundeu.es/recomendacion/40-anos-del-accidente-de-chernobil-claves-de-redaccion/,FundéuRAE,"Criterio y ejemplos para diagnosticar, explicar y practicar Chernóbil, claves.",añadida por URL directa,URL,,estilística,guiado-aplicado,"¿Cómo se aplica correctamente el criterio de Chernóbil, claves en mi frase?"
ortografía,acentuación y grafías,Ortografía — FundéuRAE — petroyuán con tilde,https://www.fundeu.es/recomendacion/petroyuan-con-tilde/,FundéuRAE,"Criterio y ejemplos para diagnosticar, explicar y practicar petroyuán con tilde.",añadida por URL directa,URL,,ortográfica,consulta directa,¿Cómo se aplica correctamente el criterio de petroyuán con tilde en mi frase?
estilo,adecuación y redacción,"Estilo — FundéuRAE — música punk, claves",https://www.fundeu.es/recomendacion/medio-siglo-de-musica-punk-claves-de-redaccion/,FundéuRAE,"Criterio y ejemplos para diagnosticar, explicar y practicar música punk, claves.",añadida por URL directa,URL,,estilística,guiado-aplicado,"¿Cómo se aplica correctamente el criterio de música punk, claves en mi frase?"
gramática,morfología y clases de palabras,"Gramática — FundéuRAE — ultimátum, plural",https://www.fundeu.es/recomendacion/ultimatum-ultimatums-ultimato-ultimatos/,FundéuRAE,"Criterio y ejemplos para diagnosticar, explicar y practicar ultimátum, plural.",añadida por URL directa,URL,,gramatical,socrático fuerte,"¿Cómo se aplica correctamente el criterio de ultimátum, plural en mi frase?"
ortotipografía,convenciones gráficas,Ortotipografía — FundéuRAE — siglas y acrónimos,https://www.fundeu.es/recomendacion/siglas-y-acronimos-claves-de-redaccion/,FundéuRAE,"Criterio y ejemplos para diagnosticar, explicar y practicar siglas y acrónimos.",añadida por URL directa,URL,,ortotipográfica,consulta directa,¿Cómo se aplica correctamente el criterio de siglas y acrónimos en mi frase?
ortotipografía,convenciones gráficas,Ortotipografía — FundéuRAE — símbolos y abreviaturas,https://www.fundeu.es/recomendacion/claves-para-usar-simbolos-y-abreviaturas-1189/,FundéuRAE,"Criterio y ejemplos para diagnosticar, explicar y practicar símbolos y abreviaturas.",añadida por URL directa,URL,,ortotipográfica,consulta directa,¿Cómo se aplica correctamente el criterio de símbolos y abreviaturas en mi frase?
ortotipografía,convenciones gráficas,Ortotipografía — FundéuRAE — comillas,https://www.fundeu.es/recomendacion/comillas-uso-de-este-signo-ortografico/,FundéuRAE,"Criterio y ejemplos para diagnosticar, explicar y practicar comillas.",añadida por URL directa,URL,,ortotipográfica,consulta directa,¿Cómo se aplica correctamente el criterio de comillas en mi frase?
ortografía,acentuación y grafías,Ortografía — FundéuRAE — guion,https://www.fundeu.es/recomendacion/guion-claves-para-usar-este-signo-1250/,FundéuRAE,"Criterio y ejemplos para diagnosticar, explicar y practicar guion.",añadida por URL directa,URL,,ortográfica,consulta directa,¿Cómo se aplica correctamente el criterio de guion en mi frase?
puntuación,signos y delimitación,Puntuación — FundéuRAE — punto y coma,https://www.fundeu.es/recomendacion/punto-y-coma-claves-de-uso/,FundéuRAE,"Criterio y ejemplos para diagnosticar, explicar y practicar punto y coma.",añadida por URL directa,URL,,ortográfica,socrático fuerte,¿Cómo se aplica correctamente el criterio de punto y coma en mi frase?
puntuación,signos y delimitación,Puntuación — FundéuRAE — puntos suspensivos,https://www.fundeu.es/recomendacion/puntos-suspensivos-claves-para-un-uso-adecuado/,FundéuRAE,"Criterio y ejemplos para diagnosticar, explicar y practicar puntos suspensivos.",añadida por URL directa,URL,,ortográfica,socrático fuerte,¿Cómo se aplica correctamente el criterio de puntos suspensivos en mi frase?
puntuación,signos y delimitación,Puntuación — FundéuRAE — etcétera y puntos suspensivos,https://www.fundeu.es/recomendacion/etc-no-va-seguido-de-puntos-suspensivos-1531/,FundéuRAE,"Criterio y ejemplos para diagnosticar, explicar y practicar etcétera y puntos suspensivos.",añadida por URL directa,URL,,ortográfica,socrático fuerte,¿Cómo se aplica correctamente el criterio de etcétera y puntos suspensivos en mi frase?
ortotipografía,convenciones gráficas,Ortotipografía — FundéuRAE — fechas,https://www.fundeu.es/recomendacion/como-se-escriben-las-fechas/,FundéuRAE,"Criterio y ejemplos para diagnosticar, explicar y practicar fechas.",añadida por URL directa,URL,,ortotipográfica,consulta directa,¿Cómo se aplica correctamente el criterio de fechas en mi frase?
ortotipografía,convenciones gráficas,Ortotipografía — FundéuRAE — números ordinales,https://www.fundeu.es/recomendacion/numero-ordinales-claves-de-escritura/,FundéuRAE,"Criterio y ejemplos para diagnosticar, explicar y practicar números ordinales.",añadida por URL directa,URL,,ortotipográfica,consulta directa,¿Cómo se aplica correctamente el criterio de números ordinales en mi frase?
léxico/semántica,precisión léxica y préstamos,Léxico y semántica — FundéuRAE — miles y millones,https://www.fundeu.es/recomendacion/miles-y-millones-claves-de-escritura/,FundéuRAE,"Criterio y ejemplos para diagnosticar, explicar y practicar miles y millones.",añadida por URL directa,URL,,léxica,guiado-aplicado,¿Cómo se aplica correctamente el criterio de miles y millones en mi frase?
puntuación,signos y delimitación,Puntuación — FundéuRAE — decimales: coma y punto,https://www.fundeu.es/recomendacion/decimales-coma-y-punto-son-ambas-validas/,FundéuRAE,"Criterio y ejemplos para diagnosticar, explicar y practicar decimales: coma y punto.",añadida por URL directa,URL,,ortográfica,socrático fuerte,¿Cómo se aplica correctamente el criterio de decimales: coma y punto en mi frase?
ortotipografía,convenciones gráficas,Ortotipografía — FundéuRAE — siglas y abreviaturas,https://www.fundeu.es/recomendacion/siglas-y-abreviaturas-claves-de-escritura/,FundéuRAE,"Criterio y ejemplos para diagnosticar, explicar y practicar siglas y abreviaturas.",añadida por URL directa,URL,,ortotipográfica,consulta directa,¿Cómo se aplica correctamente el criterio de siglas y abreviaturas en mi frase?
